<Topology xmlns="EaWebTopologiesSchema.xsd">	<Services><Service xmlns="EaWebTopologiesSchema.xsd"><Id>1</Id><Url>http://www.dev1.eraserver.net/VLADOFILIPOVIC/EaWebService98/Main.asmx</Url></Service><Service xmlns="EaWebTopologiesSchema.xsd"><Id>0</Id><Url>http://www.dev1.eraserver.net/VLADOFILIPOVIC/EaWebService/Main.asmx</Url></Service><Service xmlns="EaWebTopologiesSchema.xsd"><Id>2</Id><Url>http://www.dev1.eraserver.net/VLADOFILIPOVIC/EaWebService99/Main.asmx</Url></Service></Services>	<UniDirectLinks><UniDirectLink xmlns="EaWebTopologiesSchema.xsd"><Id>2</Id><From>0</From><To>1</To></UniDirectLink><UniDirectLink xmlns="EaWebTopologiesSchema.xsd"><Id>3</Id><From>1</From><To>0</To></UniDirectLink><UniDirectLink xmlns="EaWebTopologiesSchema.xsd"><Id>4</Id><From>0</From><To>2</To></UniDirectLink><UniDirectLink xmlns="EaWebTopologiesSchema.xsd"><Id>5</Id><From>2</From><To>0</To></UniDirectLink></UniDirectLinks>	<BiDirectLinks></BiDirectLinks></Topology>