<!--Problem definition in file Problems/EaWeb08.xml -->
<EaProblemParameters xmlns:EA="urn:vlado1/EaWebService/Parameters">
	<Problem>
		<Description>Function Optimization</Description>
		<Dimension>4</Dimension>
		<Interval>
			<Id>0</Id>
			<From>-3.5</From>
			<To>5.5</To>
		</Interval>
		<Interval>
			<Id>1</Id>
			<From>-6.5</From>
			<To>6.5</To>
		</Interval>
		<Interval>
			<Id>2</Id>
			<From>-4.5</From>
			<To>7.5</To>
		</Interval>
		<Interval>
			<Id>3</Id>
			<From>-4.5</From>
			<To>8.5</To>
		</Interval>
		<Evaluate>
			<Condition>
				<Domain>
					<ConstantBool>
						true
					</ConstantBool>
				</Domain>
				<Expression>
					<BinaryMinus>
						<Constant>
							3300.5
						</Constant>
						<BinaryPlus>
							<Square>
								<BinaryPlus>
									<Argument>
										<Id>0</Id>
									</Argument>
									<Argument>
										<Id>1</Id>
									</Argument>
								</BinaryPlus>
							</Square>
							<Square>
								<BinaryPlus>
									<Argument>
										<Id>2</Id>
									</Argument>
									<Argument>
										<Id>3</Id>
									</Argument>
								</BinaryPlus>
							</Square>
						</BinaryPlus>
					</BinaryMinus>
				</Expression>
			</Condition>
		</Evaluate>
	</Problem>
</EaProblemParameters>
