<!--Problem definition in file Problems/F01_Spheric.xml -->
<EaProblemParameters xmlns:EA="urn:vlado1/EaWebService/Parameters">
	<Problem>
		<Description>F1 - Spheric function</Description>
		<Dimension>3</Dimension>
		<Interval>
			<Id>0</Id>
			<From>-5.12</From>
			<To>5.12</To>
		</Interval>
		<Interval>
			<Id>1</Id>
			<From>-5.12</From>
			<To>5.12</To>
		</Interval>
		<Interval>
			<Id>2</Id>
			<From>-5.12</From>
			<To>5.12</To>
		</Interval>
		<Evaluate>
			<Condition>
				<Domain>
					<ConstantBool>
						true
					</ConstantBool>
				</Domain>
				<Expression>
					<BinaryPlus>
						<BinaryPlus>
							<Square>
								<Argument>
									<Id>0</Id>
								</Argument>
							</Square>
							<Square>
								<Argument>
									<Id>1</Id>
								</Argument>
							</Square>
						</BinaryPlus>
						<Square>
							<Argument>
								<Id>2</Id>
							</Argument>
						</Square>
					</BinaryPlus>
				</Expression>
			</Condition>
		</Evaluate>
		<KnownSolution>
			<Argument>
				<Id>0</Id>
				<Value>0</Value>
			</Argument>
			<Argument>
				<Id>1</Id>
				<Value>0</Value>
			</Argument>
			<Argument>
				<Id>2</Id>
				<Value>0</Value>
			</Argument>
		</KnownSolution>
	</Problem>
</EaProblemParameters>
