<!--Problem definition in file Problems/F02_Rozenbrock.xml -->
<EaProblemParameters xmlns:EA="urn:vlado1/EaWebService/Parameters">
	<Problem>
		<Description>F2 - Rozenbrock's fuction</Description>
		<Dimension>2</Dimension>
		<Interval>
			<Id>0</Id>
			<From>-2.048</From>
			<To>2.048</To>
		</Interval>
		<Interval>
			<Id>1</Id>
			<From>-2.048</From>
			<To>2.048</To>
		</Interval>
		<Evaluate>
			<Condition>
				<Domain>
					<ConstantBool>
						true
					</ConstantBool>
				</Domain>
				<Expression>
					<BinaryPlus>
						<BinaryMultiply>
							<Constant>100</Constant>
							<Square>
								<BinaryMinus>
									<Square>
										<Argument>
											<Id>0</Id>
										</Argument>
									</Square>
									<Argument>
										<Id>1</Id>
									</Argument>
								</BinaryMinus>
							</Square>
						</BinaryMultiply>
						<Square>
							<BinaryMinus>
								<Constant>1</Constant>
								<Argument>
									<Id>0</Id>
								</Argument>
							</BinaryMinus>
						</Square>
					</BinaryPlus>
				</Expression>
			</Condition>
		</Evaluate>
	</Problem>
</EaProblemParameters>
