<!--Problem definition in file Problems/F03_Step.xml -->
<EaProblemParameters xmlns:EA="urn:vlado1/EaWebService/Parameters">
	<Problem>
		<Description>F3 - Step fuction</Description>
		<Dimension>5</Dimension>
		<Interval>
			<Id>0</Id>
			<From>-5.12</From>
			<To>5.12</To>
		</Interval>
		<Interval>
			<Id>1</Id>
			<From>-5.12</From>
			<To>5.12</To>
		</Interval>
		<Interval>
			<Id>2</Id>
			<From>-5.12</From>
			<To>5.12</To>
		</Interval>
		<Interval>
			<Id>3</Id>
			<From>-5.12</From>
			<To>5.12</To>
		</Interval>
		<Interval>
			<Id>4</Id>
			<From>-5.12</From>
			<To>5.12</To>
		</Interval>
		<Evaluate>
			<Condition>
				<Domain>
					<ConstantBool>
						true
					</ConstantBool>
				</Domain>
				<Expression>
					<Sum>
						<LowLimit>
							<Constant>
								0
							</Constant>
						</LowLimit>
						<HiLimit>
							<Constant>
								4
							</Constant>
						</HiLimit>
						<CurIndex>
							i
						</CurIndex>
						<Item>
							<Floor>
								<Argument>
									<Index> i </Index>
								</Argument>
							</Floor>
						</Item>
					</Sum>
				</Expression>
			</Condition>
		</Evaluate>
	</Problem>
</EaProblemParameters>
