<!--Problem definition in file Problems/F04_QuarterNoise.xml -->
<EaProblemParameters xmlns:EA="urn:vlado1/EaWebService/Parameters">
	<Problem>
		<Description>F4 - Quarter function with noise</Description>
		<Dimension>30</Dimension>
		<Interval>
			<Id>0</Id>
			<From>-1.5</From>
			<To>1.5</To>
		</Interval>
		<Interval>
			<Id>1</Id>
			<From>-1.5</From>
			<To>1.5</To>
		</Interval>
		<Interval>
			<Id>2</Id>
			<From>-1.5</From>
			<To>1.5</To>
		</Interval>
		<Interval>
			<Id>3</Id>
			<From>-1.5</From>
			<To>1.5</To>
		</Interval>
		<Interval>
			<Id>4</Id>
			<From>-1.5</From>
			<To>1.5</To>
		</Interval>
		<Interval>
			<Id>5</Id>
			<From>-1.5</From>
			<To>1.5</To>
		</Interval>
		<Interval>
			<Id>6</Id>
			<From>-1.5</From>
			<To>1.5</To>
		</Interval>
		<Interval>
			<Id>7</Id>
			<From>-1.5</From>
			<To>1.5</To>
		</Interval>
		<Interval>
			<Id>8</Id>
			<From>-1.5</From>
			<To>1.5</To>
		</Interval>
		<Interval>
			<Id>9</Id>
			<From>-1.5</From>
			<To>1.5</To>
		</Interval>
		<Interval>
			<Id>10</Id>
			<From>-1.5</From>
			<To>1.5</To>
		</Interval>
		<Interval>
			<Id>11</Id>
			<From>-1.5</From>
			<To>1.5</To>
		</Interval>
		<Interval>
			<Id>12</Id>
			<From>-1.5</From>
			<To>1.5</To>
		</Interval>
		<Interval>
			<Id>13</Id>
			<From>-1.5</From>
			<To>1.5</To>
		</Interval>
		<Interval>
			<Id>14</Id>
			<From>-1.5</From>
			<To>1.5</To>
		</Interval>
		<Interval>
			<Id>15</Id>
			<From>-1.5</From>
			<To>1.5</To>
		</Interval>
		<Interval>
			<Id>16</Id>
			<From>-1.5</From>
			<To>1.5</To>
		</Interval>
		<Interval>
			<Id>17</Id>
			<From>-1.5</From>
			<To>1.5</To>
		</Interval>
		<Interval>
			<Id>18</Id>
			<From>-1.5</From>
			<To>1.5</To>
		</Interval>
		<Interval>
			<Id>19</Id>
			<From>-1.5</From>
			<To>1.5</To>
		</Interval>
		<Interval>
			<Id>20</Id>
			<From>-1.5</From>
			<To>1.5</To>
		</Interval>
		<Interval>
			<Id>21</Id>
			<From>-1.5</From>
			<To>1.5</To>
		</Interval>
		<Interval>
			<Id>22</Id>
			<From>-1.5</From>
			<To>1.5</To>
		</Interval>
		<Interval>
			<Id>23</Id>
			<From>-1.5</From>
			<To>1.5</To>
		</Interval>
		<Interval>
			<Id>24</Id>
			<From>-1.5</From>
			<To>1.5</To>
		</Interval>
		<Interval>
			<Id>25</Id>
			<From>-1.5</From>
			<To>1.5</To>
		</Interval>
		<Interval>
			<Id>26</Id>
			<From>-1.5</From>
			<To>1.5</To>
		</Interval>
		<Interval>
			<Id>27</Id>
			<From>-1.5</From>
			<To>1.5</To>
		</Interval>
		<Interval>
			<Id>28</Id>
			<From>-1.5</From>
			<To>1.5</To>
		</Interval>
		<Interval>
			<Id>29</Id>
			<From>-1.5</From>
			<To>1.5</To>
		</Interval>
		<Evaluate>
			<Condition>
				<Domain>
					<ConstantBool>
						true
					</ConstantBool>
				</Domain>
				<Expression>
					<BinaryPlus>
						<Sum>
							<LowLimit>
								<Constant>
									0
								</Constant>
							</LowLimit>
							<HiLimit>
								<Constant>
									29
								</Constant>
							</HiLimit>
							<CurIndex>
								i
							</CurIndex>
							<Item>
								<BinaryMultiply>
									<BinaryPlus>
										<IndexValue>
											i
										</IndexValue>
										<Constant> 1 </Constant>
									</BinaryPlus>
									<Square>
										<Square>
											<Argument>
												<Index> i </Index>
											</Argument>
										</Square>
									</Square>
								</BinaryMultiply>
							</Item>
						</Sum>
						<RandomDouble>
							<From>
								0
							</From>
							<To>
								1
							</To>
						</RandomDouble>
					</BinaryPlus>
				</Expression>
			</Condition>
		</Evaluate>
	</Problem>
</EaProblemParameters>
