<!--Problem definition in file Problems/F05_Shekel.xml -->
<EaProblemParameters xmlns:EA="urn:vlado1/EaWebService/Parameters">
	<Problem>
		<Description>F5 - Shekel function</Description>
		<Dimension>2</Dimension>
		<Interval>
			<Id>0</Id>
			<From>-65.536</From>
			<To>65.536</To>
		</Interval>
		<Interval>
			<Id>1</Id>
			<From>-65.536</From>
			<To>65.536</To>
		</Interval>
		<Evaluate>
			<Condition>
				<Domain>
					<ConstantBool>
						true
					</ConstantBool>
				</Domain>
				<Expression>
					<BinaryPlus>
						<Constant>
							0.0002
						</Constant>
						<Sum>
							<LowLimit>
								<Constant>
									0
								</Constant>
							</LowLimit>
							<HiLimit>
								<Constant>
									24
								</Constant>
							</HiLimit>
							<CurIndex>
								j
							</CurIndex>
							<Item>
								<BinaryDivide>
									<Constant>
										1
									</Constant>
									<BinaryPlus>
										<BinaryPlus>
											<IndexValue>
												j
											</IndexValue>
											<Constant>
												1
											</Constant>
										</BinaryPlus>
										<Sum>
											<LowLimit>
												<Constant>
													0
												</Constant>
											</LowLimit>
											<HiLimit>
												<Constant>
													1
												</Constant>
											</HiLimit>
											<CurIndex>
												i
											</CurIndex>
											<Item>
												<Power>
													<BinaryMinus>
														<Argument>
															<Index> i </Index>
														</Argument>
														<BinaryPlus>
															<IndexValue>
																i
															</IndexValue>
															<IndexValue>
																j
															</IndexValue>
														</BinaryPlus>
													</BinaryMinus>
													<Constant>
														6
													</Constant>
												</Power>
											</Item>
										</Sum>
									</BinaryPlus>
								</BinaryDivide>
							</Item>
						</Sum>
					</BinaryPlus>
				</Expression>
			</Condition>
		</Evaluate>
	</Problem>
</EaProblemParameters>
