<!--Problem definition in file Problems/F06_Rastring.xml -->
<EaProblemParameters xmlns:EA="urn:vlado1/EaWebService/Parameters">
	<Problem>
		<Description>F6 - Rastring function</Description>
		<Dimension>15</Dimension>
		<Interval>
			<Id>0</Id>
			<From>-5.12</From>
			<To>5.12</To>
		</Interval>
		<Interval>
			<Id>1</Id>
			<From>-5.12</From>
			<To>5.12</To>
		</Interval>
		<Interval>
			<Id>2</Id>
			<From>-5.12</From>
			<To>5.12</To>
		</Interval>
		<Interval>
			<Id>3</Id>
			<From>-5.12</From>
			<To>5.12</To>
		</Interval>
		<Interval>
			<Id>4</Id>
			<From>-5.12</From>
			<To>5.12</To>
		</Interval>
		<Interval>
			<Id>5</Id>
			<From>-5.12</From>
			<To>5.12</To>
		</Interval>
		<Interval>
			<Id>6</Id>
			<From>-5.12</From>
			<To>5.12</To>
		</Interval>
		<Interval>
			<Id>7</Id>
			<From>-5.12</From>
			<To>5.12</To>
		</Interval>
		<Interval>
			<Id>8</Id>
			<From>-5.12</From>
			<To>5.12</To>
		</Interval>
		<Interval>
			<Id>9</Id>
			<From>-5.12</From>
			<To>5.12</To>
		</Interval>
		<Interval>
			<Id>10</Id>
			<From>-5.12</From>
			<To>5.12</To>
		</Interval>
		<Interval>
			<Id>11</Id>
			<From>-5.12</From>
			<To>5.12</To>
		</Interval>
		<Interval>
			<Id>12</Id>
			<From>-5.12</From>
			<To>5.12</To>
		</Interval>
		<Interval>
			<Id>13</Id>
			<From>-5.12</From>
			<To>5.12</To>
		</Interval>
		<Interval>
			<Id>14</Id>
			<From>-5.12</From>
			<To>5.12</To>
		</Interval>
		<Evaluate>
			<Condition>
				<Domain>
					<ConstantBool>
						true
					</ConstantBool>
				</Domain>
				<Expression>
					<BinaryPlus>
						<BinaryMultiply>
							<Constant>
								10
							</Constant>
							<Constant>
								Dimension
							</Constant>
						</BinaryMultiply>
						<Sum>
							<LowLimit>
								<Constant>
									0
								</Constant>
							</LowLimit>
							<HiLimit>
								<Constant>
									14
								</Constant>
							</HiLimit>
							<CurIndex>
								i
							</CurIndex>
							<Item>
								<BinaryMinus>
									<Argument>
										<Index>
											i
										</Index>
									</Argument>
									<BinaryMultiply>
										<Constant>
											10
										</Constant>
										<Cosinus>
											<BinaryMultiply>
												<Constant>
													10
												</Constant>
												<BinaryMultiply>
													<Constant>
														Pi
													</Constant>
													<Argument>
														<Index>
															i
														</Index>
													</Argument>
												</BinaryMultiply>
											</BinaryMultiply>
										</Cosinus>
									</BinaryMultiply>
								</BinaryMinus>
							</Item>
						</Sum>
					</BinaryPlus>
				</Expression>
			</Condition>
		</Evaluate>
	</Problem>
</EaProblemParameters>
