<!--Problem definition in file Problems/F07_Schwefel.xml -->
<EaProblemParameters xmlns:EA="urn:vlado1/EaWebService/Parameters">
	<Problem>
		<Description>F7 - Schwefel function</Description>
		<Dimension>15</Dimension>
		<Interval>
			<Id>0</Id>
			<From>-5.12</From>
			<To>5.12</To>
		</Interval>
		<Interval>
			<Id>1</Id>
			<From>-5.12</From>
			<To>5.12</To>
		</Interval>
		<Interval>
			<Id>2</Id>
			<From>-5.12</From>
			<To>5.12</To>
		</Interval>
		<Interval>
			<Id>3</Id>
			<From>-5.12</From>
			<To>5.12</To>
		</Interval>
		<Interval>
			<Id>4</Id>
			<From>-5.12</From>
			<To>5.12</To>
		</Interval>
		<Interval>
			<Id>5</Id>
			<From>-5.12</From>
			<To>5.12</To>
		</Interval>
		<Interval>
			<Id>6</Id>
			<From>-5.12</From>
			<To>5.12</To>
		</Interval>
		<Interval>
			<Id>7</Id>
			<From>-5.12</From>
			<To>5.12</To>
		</Interval>
		<Interval>
			<Id>8</Id>
			<From>-5.12</From>
			<To>5.12</To>
		</Interval>
		<Interval>
			<Id>9</Id>
			<From>-5.12</From>
			<To>5.12</To>
		</Interval>
		<Interval>
			<Id>10</Id>
			<From>-5.12</From>
			<To>5.12</To>
		</Interval>
		<Interval>
			<Id>11</Id>
			<From>-5.12</From>
			<To>5.12</To>
		</Interval>
		<Interval>
			<Id>12</Id>
			<From>-5.12</From>
			<To>5.12</To>
		</Interval>
		<Interval>
			<Id>13</Id>
			<From>-5.12</From>
			<To>5.12</To>
		</Interval>
		<Interval>
			<Id>14</Id>
			<From>-5.12</From>
			<To>5.12</To>
		</Interval>
		<Evaluate>
			<Condition>
				<Domain>
					<ConstantBool>
						true
					</ConstantBool>
				</Domain>
				<Expression>
					<Sum>
						<LowLimit>
							<Constant>
									0
							</Constant>
						</LowLimit>
						<HiLimit>
							<Constant>
									14
							</Constant>
						</HiLimit>
						<CurIndex>
								i
						</CurIndex>
						<Item>
							<UnaryMinus>
								<BinaryMultiply>
									<Argument>
										<Index>
												i
											</Index>
									</Argument>
									<Sinus>
										<SquareRoot>
											<AbsoluteValue>
												<Argument>
													<Index>
															i
														</Index>
												</Argument>
											</AbsoluteValue>
										</SquareRoot>
									</Sinus>
								</BinaryMultiply>
							</UnaryMinus>
						</Item>
					</Sum>
				</Expression>
			</Condition>
		</Evaluate>
	</Problem>
</EaProblemParameters>
