<!--Problem definition in file Problems/F08_Griewangk.xml -->
<EaProblemParameters xmlns:EA="urn:vlado1/EaWebService/Parameters">
	<Problem>
		<Description>F8 - Griewangk function</Description>
		<Dimension>15</Dimension>
		<Interval>
			<Id>0</Id>
			<From>-5.12</From>
			<To>5.12</To>
		</Interval>
		<Interval>
			<Id>1</Id>
			<From>-5.12</From>
			<To>5.12</To>
		</Interval>
		<Interval>
			<Id>2</Id>
			<From>-5.12</From>
			<To>5.12</To>
		</Interval>
		<Interval>
			<Id>3</Id>
			<From>-5.12</From>
			<To>5.12</To>
		</Interval>
		<Interval>
			<Id>4</Id>
			<From>-5.12</From>
			<To>5.12</To>
		</Interval>
		<Interval>
			<Id>5</Id>
			<From>-5.12</From>
			<To>5.12</To>
		</Interval>
		<Interval>
			<Id>6</Id>
			<From>-5.12</From>
			<To>5.12</To>
		</Interval>
		<Interval>
			<Id>7</Id>
			<From>-5.12</From>
			<To>5.12</To>
		</Interval>
		<Interval>
			<Id>8</Id>
			<From>-5.12</From>
			<To>5.12</To>
		</Interval>
		<Interval>
			<Id>9</Id>
			<From>-5.12</From>
			<To>5.12</To>
		</Interval>
		<Interval>
			<Id>10</Id>
			<From>-5.12</From>
			<To>5.12</To>
		</Interval>
		<Interval>
			<Id>11</Id>
			<From>-5.12</From>
			<To>5.12</To>
		</Interval>
		<Interval>
			<Id>12</Id>
			<From>-5.12</From>
			<To>5.12</To>
		</Interval>
		<Interval>
			<Id>13</Id>
			<From>-5.12</From>
			<To>5.12</To>
		</Interval>
		<Interval>
			<Id>14</Id>
			<From>-5.12</From>
			<To>5.12</To>
		</Interval>
		<Evaluate>
			<Condition>
				<Domain>
					<ConstantBool>
						true
					</ConstantBool>
				</Domain>
				<Expression>
					<BinaryMinus>
						<BinaryPlus>
							<Constant>
						1
					</Constant>
							<Sum>
								<LowLimit>
									<Constant>
									0
							</Constant>
								</LowLimit>
								<HiLimit>
									<Constant>
									14
							</Constant>
								</HiLimit>
								<CurIndex>
								i
						</CurIndex>
								<Item>
									<BinaryDivide>
										<Argument>
											<Index>
											i
										</Index>
										</Argument>
										<Constant>
										4000
									</Constant>
									</BinaryDivide>
								</Item>
							</Sum>
						</BinaryPlus>
						<Product>
							<LowLimit>
								<Constant>							
									0							
								</Constant>
							</LowLimit>
							<HiLimit>
								<Constant>
									14
								</Constant>
							</HiLimit>
							<CurIndex>
								i
						</CurIndex>
							<Item>
								<Cosinus>
									<BinaryDivide>
										<Argument>
											<Index>
												i
										</Index>
										</Argument>
										<SquareRoot>
											<BinaryPlus>
												<IndexValue>
													i
												</IndexValue>
												<Constant>
													1
												</Constant>
											</BinaryPlus>
										</SquareRoot>
									</BinaryDivide>
								</Cosinus>
							</Item>
						</Product>
					</BinaryMinus>
				</Expression>
			</Condition>
		</Evaluate>
	</Problem>
</EaProblemParameters>
