<!--Problem definition in file Problems/F09_SinusEnvelopeSinusWave.xml -->
<EaProblemParameters xmlns:EA="urn:vlado1/EaWebService/Parameters">
	<Problem>
		<Description>F9 - Sinus envelope sinus wave function </Description>
		<Dimension>2</Dimension>
		<Interval>
			<Id>0</Id>
			<From>-100</From>
			<To>100</To>
		</Interval>
		<Interval>
			<Id>1</Id>
			<From>-100</From>
			<To>100</To>
		</Interval>
		<Evaluate>
			<Condition>
				<Domain>
					<ConstantBool>
						true
					</ConstantBool>
				</Domain>
				<Expression>
					<BinaryPlus>
						<Constant>
							0.5
						</Constant>
						<BinaryDivide>
							<BinaryMinus>
								<Sinus>
									<SquareRoot>
										<BinaryPlus>
											<Argument>
												<Id>
													0
												</Id>
											</Argument>
											<Argument>
												<Id>
													1
												</Id>
											</Argument>
										</BinaryPlus>
									</SquareRoot>
								</Sinus>
								<Constant>
									0.5
								</Constant>
							</BinaryMinus>
							<Square>
								<BinaryPlus>
									<Constant>
										1
									</Constant>
									<BinaryMultiply>
										<Constant>
											0.001
										</Constant>
										<BinaryPlus>
											<Argument>
												<Id>
													0
												</Id>
											</Argument>
											<Argument>
												<Id>
													1
												</Id>
											</Argument>
										</BinaryPlus>
									</BinaryMultiply>
								</BinaryPlus>
							</Square>
						</BinaryDivide>
					</BinaryPlus>
				</Expression>
			</Condition>
		</Evaluate>
	</Problem>
</EaProblemParameters>
