<!--Problem definition in file Problems/F10_ShrinkedVSinusWave.xml -->
<EaProblemParameters xmlns:EA="urn:vlado1/EaWebService/Parameters">
	<Problem>
		<Description>F10 - Shrinked V sinus wave function </Description>
		<Dimension>2</Dimension>
		<Interval>
			<Id>0</Id>
			<From>-100</From>
			<To>100</To>
		</Interval>
		<Interval>
			<Id>1</Id>
			<From>-100</From>
			<To>100</To>
		</Interval>
		<Evaluate>
			<Condition>
				<Domain>
					<ConstantBool>
						true
					</ConstantBool>
				</Domain>
				<Expression>
					<BinaryMultiply>
						<SquareRoot>
							<SquareRoot>
								<BinaryPlus>
									<Argument>
										<Id>
											0
										</Id>
									</Argument>
									<Argument>
										<Id>
											1
										</Id>
									</Argument>
								</BinaryPlus>
							</SquareRoot>
						</SquareRoot>
						<BinaryPlus>
							<Sinus>
								<BinaryMultiply>
									<Constant>
										50
									</Constant>
									<Power>
										<BinaryPlus>
											<Argument>
												<Id>
													0
												</Id>
											</Argument>
											<Argument>
												<Id>
													1
												</Id>
											</Argument>
										</BinaryPlus>
										<Constant>
											0.1
										</Constant>
									</Power>
								</BinaryMultiply>
							</Sinus>
							<Constant>
								1
							</Constant>
						</BinaryPlus>
					</BinaryMultiply>
				</Expression>
			</Condition>
		</Evaluate>
	</Problem>
</EaProblemParameters>
