<!--Problem definition in file Problems/LinearEquation01.xml -->
<!--Solving linear equation ax=b -->
<LinearEquation>
	<Dimension> 9	</Dimension>
	<Element>
		<Id>0</Id>
		<Coeficients>
			<a>3</a>
			<b>5</b>
		</Coeficients>
		<Results>
			<x>1.6666666666666666666666666666667</x>
		</Results>
	</Element>
	<Element>
		<Id>1</Id>
		<Coeficients>
			<a>2</a>
			<b>1</b>
		</Coeficients>
		<Results>
			<x>0.5</x>
		</Results>
	</Element>
	<Element>
		<Id>2</Id>
		<Coeficients>
			<a>3</a>
			<b>2</b>
		</Coeficients>
		<Results>
			<x>0.6666666666666666666666666666667</x>
		</Results>
	</Element>
	<Element>
		<Id>3</Id>
		<Coeficients>
			<a>1</a>
			<b>2</b>
		</Coeficients>
		<Results>
			<x>2</x>
		</Results>
	</Element>
	<Element>
		<Id>4</Id>
		<Coeficients>
			<a>1</a>
			<b>7</b>
		</Coeficients>
		<Results>
			<x>7</x>
		</Results>
	</Element>
	<Element>
		<Id>5</Id>
		<Coeficients>
			<a>3</a>
			<b>7</b>
		</Coeficients>
		<Results>
			<x>2.3333333333333333333333333333333</x>
		</Results>
	</Element>
	<Element>
		<Id>6</Id>
		<Coeficients>
			<a>8</a>
			<b>7</b>
		</Coeficients>
		<Results>
			<x>0.875</x>
		</Results>
	</Element>
	<Element>
		<Id>7</Id>
		<Coeficients>
			<a>8</a>
			<b>-7</b>
		</Coeficients>
		<Results>
			<x>-0.875</x>
		</Results>
	</Element>
	<Element>
		<Id>8</Id>
		<Coeficients>
			<a>-8</a>
			<b>7</b>
		</Coeficients>
		<Results>
			<x>-0.875</x>
		</Results>
	</Element>
</LinearEquation>
