<?xml version='1.0'?><!-- Parameters for invocation of EaWebService --><EaWebParams xmlns='EaWebParametersSchema.xsd'><Communication><Type>EaSequential</Type><TopologyFile>Topologies/EaTopology01.xml</TopologyFile><TopologyXml></TopologyXml><WebService>http://www.dev1.eraserver.net/VLADOFILIPOVIC/EaWebService/Main.asmx</WebService><RequestId>VLADO1-D:\Inetpub\wwwroot\EaWebApplication-uura3r2apn4mu3yh3zfj5iq4-BatchParameters/EaWeb01.xml-0-Parameters/Deceptive.xml</RequestId></Communication><Crossover><Type>CrossoverBinaryOnePoint</Type><Probability>0.95</Probability><UniformMaskProbability>0</UniformMaskProbability></Crossover><Finish><ItemsOr> FinishItemBestFitnessUnchangedForGenerations FinishItemNumberOfGenerations</ItemsOr><ItemsAnd> FinishItemIdle</ItemsAnd><NumberOfGenerations>2000</NumberOfGenerations><BestItemUnchangedFor>5</BestItemUnchangedFor><BestFitnessUnchangedFor>15</BestFitnessUnchangedFor><ExecutionTimeDays>0</ExecutionTimeDays><ExecutionTimeHours>0</ExecutionTimeHours><ExecutionTimeMinutes>0</ExecutionTimeMinutes><ExecutionTimeSeconds>30</ExecutionTimeSeconds><ExecutionTimeMiliseconds>0</ExecutionTimeMiliseconds></Finish><Fitness><Type>FitnessIdle</Type><Value>0</Value><RemoveDuplicates>True</RemoveDuplicates></Fitness><Init><Type>InitBinary</Type><FromXmlFile>False</FromXmlFile><XmlFile></XmlFile></Init><Instance><Type>InstanceTheoryBinaryDeceptive</Type></Instance><Mutation><Type>MutationBinaryOnePoint</Type><Probability>0.005</Probability></Mutation><NewGeneration><UseElitistStrategy>True</UseElitistStrategy><EliteNumber>1</EliteNumber></NewGeneration><Population><ItemType>ItemBinary</ItemType><ItemLenght>24</ItemLenght><Count>14</Count></Population><Problem><Type>ProblemTheory</Type><InputFile>Problems/Deceptive.xml</InputFile><UseInput>True</UseInput></Problem><RandomGenerator><Type>RandomGenIntrisic</Type><UsePredefiniedSeed>False</UsePredefiniedSeed><Seed>0</Seed></RandomGenerator><ReportItems><AA> ReportItemBestAll ReportItemCurrentGeneration ReportItemDeJongOffLine ReportItemDeJongOnLine ReportItemEaParameters ReportItemFinishReason ReportItemFirstAll ReportItemIdle ReportItemOverallTime ReportItemProblemInput ReportItemTimeInAlgorithm ReportItemTimeInIteration</AA><AI> ReportItemBestAll ReportItemCurrentGeneration ReportItemIdle</AI><ASCrossover> ReportItemIdle</ASCrossover><ASFinish> ReportItemIdle</ASFinish><ASFitness> ReportItemIdle</ASFitness><ASInstance> ReportItemIdle</ASInstance><ASMutation> ReportItemIdle</ASMutation><ASProblem> ReportItemIdle</ASProblem><ASSelection> ReportItemIdle</ASSelection><Url>Reports/Deceptive.xml</Url></ReportItems><Selection><Type>SelectionRoulette</Type><Probability>0.99</Probability><UseDirectlyPassed>False</UseDirectlyPassed><PassedNumber>0</PassedNumber><RankOfBest>13</RankOfBest><RankOfWorst>7</RankOfWorst><Truncation>0.8</Truncation><Exponent>0.34</Exponent><TournamentSize>2</TournamentSize><FineGrainedTournamentSize>3.6</FineGrainedTournamentSize></Selection></EaWebParams>