<?xml version='1.0'?><!-- Parameters for invocation of EaWebService --><EaWebParams xmlns='EaWebParametersSchema.xsd'><Communication><Type>EaSequential</Type><TopologyFile>Topologies/EaTopology01.xml</TopologyFile><TopologyXml></TopologyXml><WebService>http://www.dev1.eraserver.net/VLADOFILIPOVIC/EaWebService/Main.asmx</WebService><RequestId>VLADO1-D:\Inetpub\wwwroot\EaWebApplication-cnzwti251tc2k5y25ii3os55-BatchParameters/EaWeb01.xml-Parameters/EaWeb08.xml</RequestId></Communication><Crossover><Type>CrossoverBinaryOnePoint</Type><Probability>0.95</Probability><UniformMaskProbability>0.6</UniformMaskProbability></Crossover><Finish><ItemsOr> FinishItemNumberOfGenerations</ItemsOr><ItemsAnd> FinishItemIdle</ItemsAnd><NumberOfGenerations>100</NumberOfGenerations><BestItemUnchangedFor>1</BestItemUnchangedFor><BestFitnessUnchangedFor>1</BestFitnessUnchangedFor><ExecutionTimeDays>0</ExecutionTimeDays><ExecutionTimeHours>0</ExecutionTimeHours><ExecutionTimeMinutes>0</ExecutionTimeMinutes><ExecutionTimeSeconds>0</ExecutionTimeSeconds><ExecutionTimeMiliseconds>0</ExecutionTimeMiliseconds></Finish><Fitness><Type>FitnessIdle</Type><Value>0</Value><RemoveDuplicates>False</RemoveDuplicates></Fitness><Init><Type>InitBinary</Type></Init><Instance><Type>InstanceFunctionOptimizationXmlBinary</Type></Instance><Mutation><Type>MutationBinaryOnePoint</Type><Probability>0.005</Probability></Mutation><NewGeneration><UseElitistStrategy>True</UseElitistStrategy><EliteNumber>2</EliteNumber></NewGeneration><Population><ItemType>ItemBinary</ItemType><ItemLenght>480</ItemLenght><Count>67</Count></Population><Problem><Type>ProblemFunctionOptimizationXml</Type><InputFile>Problems/EaWeb08.xml</InputFile><UseInput>True</UseInput></Problem><RandomGenerator><Type>RandomGenIntrisic</Type><UsePredefiniedSeed>True</UsePredefiniedSeed><Seed>17</Seed></RandomGenerator><ReportItems><AA> ReportItemBestAll ReportItemCurrentGeneration ReportItemEaParameters ReportItemProblemInput ReportItemTimeInAlgorithm</AA><AI> ReportItemBestAll ReportItemCommunication ReportItemCurrentGeneration ReportItemDeJongOffLine ReportItemDeJongOnLine ReportItemTimeInIteration</AI><ASCrossover> ReportItemIdle</ASCrossover><ASFinish> ReportItemIdle</ASFinish><ASFitness> ReportItemIdle</ASFitness><ASInstance> ReportItemIdle</ASInstance><ASMutation> ReportItemIdle</ASMutation><ASProblem> ReportItemIdle</ASProblem><ASSelection> ReportItemIdle</ASSelection><Url>Reports/EaWeb08.xml</Url></ReportItems><Selection><Type>SelectionRoulette</Type><Probability>0.95</Probability><UseDirectlyPassed>False</UseDirectlyPassed><PassedNumber>0</PassedNumber><RankOfBest>13</RankOfBest><RankOfWorst>7</RankOfWorst><Truncation>0.8</Truncation><Exponent>0.34</Exponent><TournamentSize>4</TournamentSize><FineGrainedTournamentSize>3.6</FineGrainedTournamentSize></Selection></EaWebParams>