<?xml version='1.0'?><!-- Parameters for invocation of EaWebService --><EaWebParams xmlns='EaWebParametersSchema.xsd'><Communication><Type>EaSequential</Type><TopologyFile>Topologies/EaTopology01.xml</TopologyFile><WebService>http://www.dev1.eraserver.net/VLADOFILIPOVIC/EaWebService/Main.asmx</WebService><RequestId>http://www.dev1.eraserver.net/VLADOFILIPOVIC/EaWebApplication/SaveApplicationParametersAsXml.aspx-1eaix045btolmf45bx4kke45-BatchParameters/EaWeb01.xml-0-Parameters/F01_Spheric.xml</RequestId></Communication><Crossover><Type>CrossoverBinaryOnePoint</Type><Probability>0.95</Probability><UniformMaskProbability>0.7</UniformMaskProbability></Crossover><Emigration><Type>EmigrationIdle</Type><Count>0</Count><Interval>0</Interval></Emigration><Finish><ItemsOr> FinishItemExecutionTimeElapsed</ItemsOr><ItemsAnd> FinishItemIdle</ItemsAnd><NumberOfGenerations>7</NumberOfGenerations><BestItemUnchangedFor>5</BestItemUnchangedFor><BestFitnessUnchangedFor>5</BestFitnessUnchangedFor><ExecutionTimeDays>0</ExecutionTimeDays><ExecutionTimeHours>0</ExecutionTimeHours><ExecutionTimeMinutes>0</ExecutionTimeMinutes><ExecutionTimeSeconds>30</ExecutionTimeSeconds><ExecutionTimeMiliseconds>0</ExecutionTimeMiliseconds></Finish><Fitness><Type>FitnessSubtractFrom</Type><Value>3000</Value><RemoveDuplicates>false</RemoveDuplicates></Fitness><Imigration><Type>ImigrationIdle</Type><Count>0</Count><Interval>0</Interval></Imigration><Init><Type>InitBinary</Type><FromXmlFile>false</FromXmlFile><XmlFile>InitDatas/EaWeb01.xml</XmlFile></Init><Instance><Type>InstanceFunctionOptimizationXmlBinary</Type></Instance><Mutation><Type>MutationBinaryOnePoint</Type><Probability>0.005</Probability></Mutation><NewGeneration><UseElitistStrategy>true</UseElitistStrategy><EliteNumber>1</EliteNumber></NewGeneration><Population><ItemType>ItemBinary</ItemType><ItemLenght>48</ItemLenght><Count>116</Count></Population><Problem><Type>ProblemFunctionOptimizationXml</Type><InputFile>Problems/F01_Spheric.xml</InputFile><UseInput>true</UseInput></Problem><RandomGenerator><Type>RandomGenIntrisic</Type><UsePredefiniedSeed>true</UsePredefiniedSeed><Seed>17</Seed></RandomGenerator><ReportItems><AA> ReportItemBestAll ReportItemCommunication ReportItemCurrentGeneration ReportItemEaParameters ReportItemFinishReason ReportItemProblemInput ReportItemTimeInAlgorithm</AA><AI> ReportItemBestAll ReportItemCurrentGeneration ReportItemDeJongOffLine ReportItemDeJongOnLine ReportItemTimeInIteration</AI><ASCrossover> ReportItemIdle</ASCrossover><ASFinish> ReportItemIdle</ASFinish><ASFitness> ReportItemIdle</ASFitness><ASInstance> ReportItemIdle</ASInstance><ASMutation> ReportItemIdle</ASMutation><ASProblem> ReportItemIdle</ASProblem><ASSelection> ReportItemIdle</ASSelection><Url>Reports/F01_Spheric.xml</Url></ReportItems><Selection><Type>SelectionTournament</Type><Probability>0.97</Probability><UseDirectlyPassed>false</UseDirectlyPassed><PassedNumber>0</PassedNumber><RankOfBest>13</RankOfBest><RankOfWorst>7</RankOfWorst><Truncation>0.8</Truncation><Exponent>0.34</Exponent><TournamentSize>3</TournamentSize><FineGrainedTournamentSize>5.6</FineGrainedTournamentSize></Selection></EaWebParams>