<?xml version='1.0'?><!-- Parameters for invocation of EaWebService --><EaWebParams xmlns='EaWebParametersSchema.xsd'><Communication><Type>EaSequential</Type><TopologyFile>Topologies/EaTopology01.xml</TopologyFile><TopologyXml></TopologyXml><WebService>http://www.dev1.eraserver.net/VLADOFILIPOVIC/EaWebService/Main.asmx</WebService><RequestId>VLADO1-D:\Inetpub\wwwroot\EaWebApplication-rzryoefnfe32mo45mbuojv45</RequestId></Communication><Crossover><Type>CrossoverFloatArithmeticGeometric</Type><Probability>0.95</Probability><UniformMaskProbability>0</UniformMaskProbability></Crossover><Finish><ItemsOr> FinishItemNumberOfGenerations</ItemsOr><ItemsAnd> FinishItemIdle</ItemsAnd><NumberOfGenerations>100</NumberOfGenerations><BestItemUnchangedFor>1</BestItemUnchangedFor><BestFitnessUnchangedFor>1</BestFitnessUnchangedFor><ExecutionTimeDays>0</ExecutionTimeDays><ExecutionTimeHours>0</ExecutionTimeHours><ExecutionTimeMinutes>2</ExecutionTimeMinutes><ExecutionTimeSeconds>0</ExecutionTimeSeconds><ExecutionTimeMiliseconds>0</ExecutionTimeMiliseconds></Finish><Fitness><Type>FitnessSubtractFrom</Type><Value>1000</Value><RemoveDuplicates>True</RemoveDuplicates></Fitness><Init><Type>InitFloat</Type></Init><Instance><Type>InstanceFunctionOptimizationXmlFloat</Type></Instance><Mutation><Type>MutationFloatInvert</Type><Probability>0.005</Probability></Mutation><NewGeneration><UseElitistStrategy>True</UseElitistStrategy><EliteNumber>1</EliteNumber></NewGeneration><Population><ItemType>ItemFloat</ItemType><ItemLenght>5</ItemLenght><Count>160</Count></Population><Problem><Type>ProblemFunctionOptimizationXml</Type><InputFile>Problems/F03_Step.xml</InputFile><UseInput>True</UseInput></Problem><RandomGenerator><Type>RandomGenIntrisic</Type><UsePredefiniedSeed>True</UsePredefiniedSeed><Seed>17</Seed></RandomGenerator><ReportItems><AA> ReportItemBestAll ReportItemCurrentGeneration ReportItemEaParameters ReportItemProblemInput ReportItemTimeInAlgorithm</AA><AI> ReportItemBestAll ReportItemCurrentGeneration ReportItemDeJongOffLine ReportItemDeJongOnLine ReportItemTimeInIteration</AI><ASCrossover> ReportItemIdle</ASCrossover><ASFinish> ReportItemIdle</ASFinish><ASFitness> ReportItemIdle</ASFitness><ASInstance> ReportItemIdle</ASInstance><ASMutation> ReportItemIdle</ASMutation><ASProblem> ReportItemIdle</ASProblem><ASSelection> ReportItemIdle</ASSelection><Url>Reports/F03_Step_R-Float.xml</Url></ReportItems><Selection><Type>SelectionRoulette</Type><Probability>0.97</Probability><UseDirectlyPassed>False</UseDirectlyPassed><PassedNumber>0</PassedNumber><RankOfBest>13</RankOfBest><RankOfWorst>7</RankOfWorst><Truncation>0.8</Truncation><Exponent>0.34</Exponent><TournamentSize>3</TournamentSize><FineGrainedTournamentSize>5.6</FineGrainedTournamentSize></Selection></EaWebParams>