<?xml version='1.0'?><!-- Parameters for invocation of EaWebService --><EaWebParams xmlns='EaWebParametersSchema.xsd'><Communication><Type>EaSequential</Type><TopologyFile>Topologies/EaTopology01.xml</TopologyFile><WebService>http://www.dev1.eraserver.net/VLADOFILIPOVIC/EaWebService/Main.asmx</WebService><RequestId>http://www.dev1.eraserver.net/VLADOFILIPOVIC/EaWebApplication/SaveApplicationParametersAsXml.aspx-1eaix045btolmf45bx4kke45-BatchParameters/EaWeb01.xml-0-Parameters/F09_SinusEnvelopeSinusWave.xml</RequestId></Communication><Crossover><Type>CrossoverBinaryUniform</Type><Probability>0.95</Probability><UniformMaskProbability>0.7</UniformMaskProbability></Crossover><Emigration><Type>EmigrationIdle</Type><Count>0</Count><Interval>0</Interval></Emigration><Finish><ItemsOr> FinishItemNumberOfGenerations</ItemsOr><ItemsAnd> FinishItemIdle</ItemsAnd><NumberOfGenerations>100</NumberOfGenerations><BestItemUnchangedFor>2</BestItemUnchangedFor><BestFitnessUnchangedFor>2</BestFitnessUnchangedFor><ExecutionTimeDays>0</ExecutionTimeDays><ExecutionTimeHours>0</ExecutionTimeHours><ExecutionTimeMinutes>2</ExecutionTimeMinutes><ExecutionTimeSeconds>0</ExecutionTimeSeconds><ExecutionTimeMiliseconds>0</ExecutionTimeMiliseconds></Finish><Fitness><Type>FitnessChangeSign</Type><Value>1000</Value><RemoveDuplicates>true</RemoveDuplicates></Fitness><Imigration><Type>ImigrationIdle</Type><Count>0</Count><Interval>0</Interval></Imigration><Init><Type>InitBinary</Type><FromXmlFile>false</FromXmlFile><XmlFile>InitDatas/EaWeb01.xml</XmlFile></Init><Instance><Type>InstanceFunctionOptimizationXmlBinary</Type></Instance><Mutation><Type>MutationBinaryOnePoint</Type><Probability>0.005</Probability></Mutation><NewGeneration><UseElitistStrategy>true</UseElitistStrategy><EliteNumber>1</EliteNumber></NewGeneration><Population><ItemType>ItemBinary</ItemType><ItemLenght>44</ItemLenght><Count>30</Count></Population><Problem><Type>ProblemFunctionOptimizationXml</Type><InputFile>Problems/F09_SinusEnvelopeSinusWave.xml</InputFile><UseInput>true</UseInput></Problem><RandomGenerator><Type>RandomGenIntrisic</Type><UsePredefiniedSeed>true</UsePredefiniedSeed><Seed>17</Seed></RandomGenerator><ReportItems><AA> ReportItemBestAll ReportItemCurrentGeneration ReportItemEaParameters ReportItemFinishReason ReportItemProblemInput ReportItemTimeInAlgorithm</AA><AI> ReportItemCurrentGeneration ReportItemDeJongOffLine ReportItemDeJongOnLine ReportItemPopulationAll ReportItemTimeInIteration</AI><ASCrossover> ReportItemIdle</ASCrossover><ASFinish> ReportItemIdle</ASFinish><ASFitness> ReportItemIdle</ASFitness><ASInstance> ReportItemIdle</ASInstance><ASMutation> ReportItemIdle</ASMutation><ASProblem> ReportItemIdle</ASProblem><ASSelection> ReportItemIdle</ASSelection><Url>Reports/F09_SinusEnvelopeSinusWave.xml</Url></ReportItems><Selection><Type>SelectionFineGrainedTournament</Type><Probability>0.97</Probability><UseDirectlyPassed>false</UseDirectlyPassed><PassedNumber>0</PassedNumber><RankOfBest>13</RankOfBest><RankOfWorst>7</RankOfWorst><Truncation>0.8</Truncation><Exponent>0.34</Exponent><TournamentSize>3</TournamentSize><FineGrainedTournamentSize>1.7</FineGrainedTournamentSize></Selection></EaWebParams>