<?xml version='1.0' ?><!--Report: Timestamp 2002 01 15 19:55:40:049 --><BatchReport><EaWebReport><AfterAlgorithm><BestAll><Data>0011 1000 1110 11   
</Data><IsValid>True
</IsValid><ObjectionValue>3300.421875
</ObjectionValue><FitnessValue>3300.421875
</FitnessValue><ProblemArguments> -2.375 2.5 -3.25 3
</ProblemArguments></BestAll><Communication><Type>EaWebService.EaSequential</Type><HostId>VLADO1-D:\Inetpub\wwwroot\EaWebService-nofuzv55sjhyxz45cxh3xg55</HostId><RequestId>VLADO1-D:\Inetpub\wwwroot\EaWebApplication-rudvvl45ltlzan45koco5g3w-BatchParameters/EaWeb02.xml-0-Parameters/EaWeb02.xml</RequestId><TopologyXml></TopologyXml><WebService>http://www.dev1.eraserver.net/VLADOFILIPOVIC/EaWebService/Main.asmx</WebService></Communication><CurrentGeneration>101</CurrentGeneration><DeJongOffLine>10.8714676155116</DeJongOffLine><DeJongOnLine>32.6774443069307</DeJongOnLine><ReportEaParameters><EaWebParams xmlns='EaWebParametersSchema.xsd'><Communication><Type>EaSequential</Type><TopologyFile>Topologies/EaTopology01.xml</TopologyFile><TopologyXml></TopologyXml><WebService>http://www.dev1.eraserver.net/VLADOFILIPOVIC/EaWebService/Main.asmx</WebService><RequestId>VLADO1-D:\Inetpub\wwwroot\EaWebApplication-rudvvl45ltlzan45koco5g3w-BatchParameters/EaWeb02.xml-0-Parameters/EaWeb02.xml</RequestId></Communication><Crossover><Type>CrossoverBinaryOnePoint</Type><Probability>0.999</Probability><UniformMaskProbability>0</UniformMaskProbability></Crossover><Finish><ItemsOr> FinishItemNumberOfGenerations</ItemsOr><ItemsAnd> FinishItemIdle</ItemsAnd><NumberOfGenerations>100</NumberOfGenerations><BestItemUnchangedFor>1</BestItemUnchangedFor><BestFitnessUnchangedFor>1</BestFitnessUnchangedFor><ExecutionTimeDays>0</ExecutionTimeDays><ExecutionTimeHours>0</ExecutionTimeHours><ExecutionTimeMinutes>0</ExecutionTimeMinutes><ExecutionTimeSeconds>0</ExecutionTimeSeconds><ExecutionTimeMiliseconds>0</ExecutionTimeMiliseconds></Finish><Fitness><Type>FitnessIdle</Type><Value>0</Value><RemoveDuplicates>True</RemoveDuplicates></Fitness><Init><Type>InitBinary</Type><FromXmlFile>False</FromXmlFile><XmlFile>Inits/EaWeb01.xml</XmlFile></Init><Instance><Type>InstanceFunctionOptimizationHardcodedBinary</Type></Instance><Mutation><Type>MutationBinaryOnePoint</Type><Probability>0.005</Probability></Mutation><NewGeneration><UseElitistStrategy>True</UseElitistStrategy><EliteNumber>1</EliteNumber></NewGeneration><Population><ItemType>ItemBinary</ItemType><ItemLenght>14</ItemLenght><Count>6</Count></Population><Problem><Type>ProblemFunctionOptimizationHardcoded</Type><InputFile>Problems/EaWeb01.xml</InputFile><UseInput>True</UseInput></Problem><RandomGenerator><Type>RandomGenIntrisic</Type><UsePredefiniedSeed>True</UsePredefiniedSeed><Seed>8</Seed></RandomGenerator><ReportItems><AA> ReportItemBestAll ReportItemCommunication ReportItemCurrentGeneration ReportItemDeJongOffLine ReportItemDeJongOnLine ReportItemEaParameters ReportItemFinishReason ReportItemFirstAll ReportItemHostId ReportItemIdle ReportItemOverallTime ReportItemProblemInput ReportItemRequestId ReportItemTimeInAlgorithm ReportItemTimeInIteration</AA><AI> ReportItemIdle</AI><ASCrossover> ReportItemIdle</ASCrossover><ASFinish> ReportItemIdle</ASFinish><ASFitness> ReportItemIdle</ASFitness><ASInstance> ReportItemIdle</ASInstance><ASMutation> ReportItemIdle</ASMutation><ASProblem> ReportItemIdle</ASProblem><ASSelection> ReportItemIdle</ASSelection><Url>BatchReports/EaWeb02.xml</Url></ReportItems><Selection><Type>SelectionRoulette</Type><Probability>0.99</Probability><UseDirectlyPassed>True</UseDirectlyPassed><PassedNumber>1</PassedNumber><RankOfBest>0</RankOfBest><RankOfWorst>0</RankOfWorst><Truncation>0</Truncation><Exponent>0</Exponent><TournamentSize>0</TournamentSize><FineGrainedTournamentSize>0</FineGrainedTournamentSize></Selection></EaWebParams></ReportEaParameters><FinishReason>Number of generations is reached!</FinishReason><FirstAll><Data>0011 1000 1110 11   
</Data><IsValid>True
</IsValid><ObjectionValue>3300.421875
</ObjectionValue><FitnessValue>3300.421875
</FitnessValue><ProblemArguments> -2.375 2.5 -3.25 3
</ProblemArguments></FirstAll><HostId>VLADO1-D:\Inetpub\wwwroot\EaWebService-nofuzv55sjhyxz45cxh3xg55</HostId><OverallTime><Days>0</Days><Hours>0</Hours><Minutes>0</Minutes><Seconds>0</Seconds><Miliseconds>40</Miliseconds><Summary>00:00:00.0400576</Summary></OverallTime><ProblemUseInput>True</ProblemUseInput><ProblemArgumentsXml><!--Problem definition in file Problems/EaWeb01.xml --><EaProblemParameters xmlns:EA="urn:vlado1/EaWebService/Parameters">	<Problem>		<Description>Function Optimization</Description>		<Dimension>4</Dimension>		<Interval0>			<From0>-3.5</From0>			<To0>5.5</To0>		</Interval0>		<Interval1>			<From1>-6.5</From1>			<To1>5.5</To1>		</Interval1>		<Interval2>			<From2>-4.5</From2>			<To2>5.5</To2>		</Interval2>		<Interval3>			<From3>-4.5</From3>			<To3>5.5</To3>		</Interval3>		<Evaluate>			3300.5 - {x1+x2}^{2} - {x3+x4}^{2}		</Evaluate>	</Problem></EaProblemParameters></ProblemArgumentsXml><RequestId>VLADO1-D:\Inetpub\wwwroot\EaWebApplication-rudvvl45ltlzan45koco5g3w-BatchParameters/EaWeb02.xml-0-Parameters/EaWeb02.xml</RequestId><TimeInAlgorithm><Days>0</Days><Hours>0</Hours><Minutes>0</Minutes><Seconds>0</Seconds><Miliseconds>20</Miliseconds><Summary>00:00:00.0200288</Summary></TimeInAlgorithm><TimeInIteration><Days>0</Days><Hours>0</Hours><Minutes>0</Minutes><Seconds>0</Seconds><Miliseconds>0</Miliseconds><Summary>00:00:00</Summary></TimeInIteration></AfterAlgorithm></EaWebReport><EaWebReport><AfterAlgorithm><BestAll><Data>0011 1000 1110 11   
</Data><IsValid>True
</IsValid><ObjectionValue>3300.421875
</ObjectionValue><FitnessValue>3300.421875
</FitnessValue><ProblemArguments> -2.375 2.5 -3.25 3
</ProblemArguments></BestAll><Communication><Type>EaWebService.EaSequential</Type><HostId>VLADO1-D:\Inetpub\wwwroot\EaWebService-uuchgfme1p2rb2yhdkpy5445</HostId><RequestId>VLADO1-D:\Inetpub\wwwroot\EaWebApplication-rudvvl45ltlzan45koco5g3w-BatchParameters/EaWeb02.xml-1-Parameters/EaWeb02.xml</RequestId><TopologyXml></TopologyXml><WebService>http://www.dev1.eraserver.net/VLADOFILIPOVIC/EaWebService/Main.asmx</WebService></Communication><CurrentGeneration>101</CurrentGeneration><DeJongOffLine>10.8714676155116</DeJongOffLine><DeJongOnLine>32.6774443069307</DeJongOnLine><ReportEaParameters><EaWebParams xmlns='EaWebParametersSchema.xsd'><Communication><Type>EaSequential</Type><TopologyFile>Topologies/EaTopology01.xml</TopologyFile><TopologyXml></TopologyXml><WebService>http://www.dev1.eraserver.net/VLADOFILIPOVIC/EaWebService/Main.asmx</WebService><RequestId>VLADO1-D:\Inetpub\wwwroot\EaWebApplication-rudvvl45ltlzan45koco5g3w-BatchParameters/EaWeb02.xml-1-Parameters/EaWeb02.xml</RequestId></Communication><Crossover><Type>CrossoverBinaryOnePoint</Type><Probability>0.999</Probability><UniformMaskProbability>0</UniformMaskProbability></Crossover><Finish><ItemsOr> FinishItemNumberOfGenerations</ItemsOr><ItemsAnd> FinishItemIdle</ItemsAnd><NumberOfGenerations>100</NumberOfGenerations><BestItemUnchangedFor>1</BestItemUnchangedFor><BestFitnessUnchangedFor>1</BestFitnessUnchangedFor><ExecutionTimeDays>0</ExecutionTimeDays><ExecutionTimeHours>0</ExecutionTimeHours><ExecutionTimeMinutes>0</ExecutionTimeMinutes><ExecutionTimeSeconds>0</ExecutionTimeSeconds><ExecutionTimeMiliseconds>0</ExecutionTimeMiliseconds></Finish><Fitness><Type>FitnessIdle</Type><Value>0</Value><RemoveDuplicates>True</RemoveDuplicates></Fitness><Init><Type>InitBinary</Type><FromXmlFile>False</FromXmlFile><XmlFile>Inits/EaWeb01.xml</XmlFile></Init><Instance><Type>InstanceFunctionOptimizationHardcodedBinary</Type></Instance><Mutation><Type>MutationBinaryOnePoint</Type><Probability>0.005</Probability></Mutation><NewGeneration><UseElitistStrategy>True</UseElitistStrategy><EliteNumber>1</EliteNumber></NewGeneration><Population><ItemType>ItemBinary</ItemType><ItemLenght>14</ItemLenght><Count>6</Count></Population><Problem><Type>ProblemFunctionOptimizationHardcoded</Type><InputFile>Problems/EaWeb01.xml</InputFile><UseInput>True</UseInput></Problem><RandomGenerator><Type>RandomGenIntrisic</Type><UsePredefiniedSeed>True</UsePredefiniedSeed><Seed>8</Seed></RandomGenerator><ReportItems><AA> ReportItemBestAll ReportItemCommunication ReportItemCurrentGeneration ReportItemDeJongOffLine ReportItemDeJongOnLine ReportItemEaParameters ReportItemFinishReason ReportItemFirstAll ReportItemHostId ReportItemIdle ReportItemOverallTime ReportItemProblemInput ReportItemRequestId ReportItemTimeInAlgorithm ReportItemTimeInIteration</AA><AI> ReportItemIdle</AI><ASCrossover> ReportItemIdle</ASCrossover><ASFinish> ReportItemIdle</ASFinish><ASFitness> ReportItemIdle</ASFitness><ASInstance> ReportItemIdle</ASInstance><ASMutation> ReportItemIdle</ASMutation><ASProblem> ReportItemIdle</ASProblem><ASSelection> ReportItemIdle</ASSelection><Url>BatchReports/EaWeb02.xml</Url></ReportItems><Selection><Type>SelectionRoulette</Type><Probability>0.99</Probability><UseDirectlyPassed>True</UseDirectlyPassed><PassedNumber>1</PassedNumber><RankOfBest>0</RankOfBest><RankOfWorst>0</RankOfWorst><Truncation>0</Truncation><Exponent>0</Exponent><TournamentSize>0</TournamentSize><FineGrainedTournamentSize>0</FineGrainedTournamentSize></Selection></EaWebParams></ReportEaParameters><FinishReason>Number of generations is reached!</FinishReason><FirstAll><Data>0011 1000 1110 11   
</Data><IsValid>True
</IsValid><ObjectionValue>3300.421875
</ObjectionValue><FitnessValue>3300.421875
</FitnessValue><ProblemArguments> -2.375 2.5 -3.25 3
</ProblemArguments></FirstAll><HostId>VLADO1-D:\Inetpub\wwwroot\EaWebService-uuchgfme1p2rb2yhdkpy5445</HostId><OverallTime><Days>0</Days><Hours>0</Hours><Minutes>0</Minutes><Seconds>0</Seconds><Miliseconds>50</Miliseconds><Summary>00:00:00.0500720</Summary></OverallTime><ProblemUseInput>True</ProblemUseInput><ProblemArgumentsXml><!--Problem definition in file Problems/EaWeb01.xml --><EaProblemParameters xmlns:EA="urn:vlado1/EaWebService/Parameters">	<Problem>		<Description>Function Optimization</Description>		<Dimension>4</Dimension>		<Interval0>			<From0>-3.5</From0>			<To0>5.5</To0>		</Interval0>		<Interval1>			<From1>-6.5</From1>			<To1>5.5</To1>		</Interval1>		<Interval2>			<From2>-4.5</From2>			<To2>5.5</To2>		</Interval2>		<Interval3>			<From3>-4.5</From3>			<To3>5.5</To3>		</Interval3>		<Evaluate>			3300.5 - {x1+x2}^{2} - {x3+x4}^{2}		</Evaluate>	</Problem></EaProblemParameters></ProblemArgumentsXml><RequestId>VLADO1-D:\Inetpub\wwwroot\EaWebApplication-rudvvl45ltlzan45koco5g3w-BatchParameters/EaWeb02.xml-1-Parameters/EaWeb02.xml</RequestId><TimeInAlgorithm><Days>0</Days><Hours>0</Hours><Minutes>0</Minutes><Seconds>0</Seconds><Miliseconds>20</Miliseconds><Summary>00:00:00.0200288</Summary></TimeInAlgorithm><TimeInIteration><Days>0</Days><Hours>0</Hours><Minutes>0</Minutes><Seconds>0</Seconds><Miliseconds>10</Miliseconds><Summary>00:00:00.0100144</Summary></TimeInIteration></AfterAlgorithm></EaWebReport><EaWebReport><AfterAlgorithm><BestAll><Data>0011 1000 1110 11   
</Data><IsValid>True
</IsValid><ObjectionValue>3300.421875
</ObjectionValue><FitnessValue>3300.421875
</FitnessValue><ProblemArguments> -2.375 2.5 -3.25 3
</ProblemArguments></BestAll><Communication><Type>EaWebService.EaSequential</Type><HostId>VLADO1-D:\Inetpub\wwwroot\EaWebService-qqfoqnfp5qtcslrnwigx3345</HostId><RequestId>VLADO1-D:\Inetpub\wwwroot\EaWebApplication-rudvvl45ltlzan45koco5g3w-BatchParameters/EaWeb02.xml-2-Parameters/EaWeb02.xml</RequestId><TopologyXml></TopologyXml><WebService>http://www.dev1.eraserver.net/VLADOFILIPOVIC/EaWebService/Main.asmx</WebService></Communication><CurrentGeneration>101</CurrentGeneration><DeJongOffLine>10.8714676155116</DeJongOffLine><DeJongOnLine>32.6774443069307</DeJongOnLine><ReportEaParameters><EaWebParams xmlns='EaWebParametersSchema.xsd'><Communication><Type>EaSequential</Type><TopologyFile>Topologies/EaTopology01.xml</TopologyFile><TopologyXml></TopologyXml><WebService>http://www.dev1.eraserver.net/VLADOFILIPOVIC/EaWebService/Main.asmx</WebService><RequestId>VLADO1-D:\Inetpub\wwwroot\EaWebApplication-rudvvl45ltlzan45koco5g3w-BatchParameters/EaWeb02.xml-2-Parameters/EaWeb02.xml</RequestId></Communication><Crossover><Type>CrossoverBinaryOnePoint</Type><Probability>0.999</Probability><UniformMaskProbability>0</UniformMaskProbability></Crossover><Finish><ItemsOr> FinishItemNumberOfGenerations</ItemsOr><ItemsAnd> FinishItemIdle</ItemsAnd><NumberOfGenerations>100</NumberOfGenerations><BestItemUnchangedFor>1</BestItemUnchangedFor><BestFitnessUnchangedFor>1</BestFitnessUnchangedFor><ExecutionTimeDays>0</ExecutionTimeDays><ExecutionTimeHours>0</ExecutionTimeHours><ExecutionTimeMinutes>0</ExecutionTimeMinutes><ExecutionTimeSeconds>0</ExecutionTimeSeconds><ExecutionTimeMiliseconds>0</ExecutionTimeMiliseconds></Finish><Fitness><Type>FitnessIdle</Type><Value>0</Value><RemoveDuplicates>True</RemoveDuplicates></Fitness><Init><Type>InitBinary</Type><FromXmlFile>False</FromXmlFile><XmlFile>Inits/EaWeb01.xml</XmlFile></Init><Instance><Type>InstanceFunctionOptimizationHardcodedBinary</Type></Instance><Mutation><Type>MutationBinaryOnePoint</Type><Probability>0.005</Probability></Mutation><NewGeneration><UseElitistStrategy>True</UseElitistStrategy><EliteNumber>1</EliteNumber></NewGeneration><Population><ItemType>ItemBinary</ItemType><ItemLenght>14</ItemLenght><Count>6</Count></Population><Problem><Type>ProblemFunctionOptimizationHardcoded</Type><InputFile>Problems/EaWeb01.xml</InputFile><UseInput>True</UseInput></Problem><RandomGenerator><Type>RandomGenIntrisic</Type><UsePredefiniedSeed>True</UsePredefiniedSeed><Seed>8</Seed></RandomGenerator><ReportItems><AA> ReportItemBestAll ReportItemCommunication ReportItemCurrentGeneration ReportItemDeJongOffLine ReportItemDeJongOnLine ReportItemEaParameters ReportItemFinishReason ReportItemFirstAll ReportItemHostId ReportItemIdle ReportItemOverallTime ReportItemProblemInput ReportItemRequestId ReportItemTimeInAlgorithm ReportItemTimeInIteration</AA><AI> ReportItemIdle</AI><ASCrossover> ReportItemIdle</ASCrossover><ASFinish> ReportItemIdle</ASFinish><ASFitness> ReportItemIdle</ASFitness><ASInstance> ReportItemIdle</ASInstance><ASMutation> ReportItemIdle</ASMutation><ASProblem> ReportItemIdle</ASProblem><ASSelection> ReportItemIdle</ASSelection><Url>BatchReports/EaWeb02.xml</Url></ReportItems><Selection><Type>SelectionRoulette</Type><Probability>0.99</Probability><UseDirectlyPassed>True</UseDirectlyPassed><PassedNumber>1</PassedNumber><RankOfBest>0</RankOfBest><RankOfWorst>0</RankOfWorst><Truncation>0</Truncation><Exponent>0</Exponent><TournamentSize>0</TournamentSize><FineGrainedTournamentSize>0</FineGrainedTournamentSize></Selection></EaWebParams></ReportEaParameters><FinishReason>Number of generations is reached!</FinishReason><FirstAll><Data>0011 1000 1110 11   
</Data><IsValid>True
</IsValid><ObjectionValue>3300.421875
</ObjectionValue><FitnessValue>3300.421875
</FitnessValue><ProblemArguments> -2.375 2.5 -3.25 3
</ProblemArguments></FirstAll><HostId>VLADO1-D:\Inetpub\wwwroot\EaWebService-qqfoqnfp5qtcslrnwigx3345</HostId><OverallTime><Days>0</Days><Hours>0</Hours><Minutes>0</Minutes><Seconds>0</Seconds><Miliseconds>50</Miliseconds><Summary>00:00:00.0500720</Summary></OverallTime><ProblemUseInput>True</ProblemUseInput><ProblemArgumentsXml><!--Problem definition in file Problems/EaWeb01.xml --><EaProblemParameters xmlns:EA="urn:vlado1/EaWebService/Parameters">	<Problem>		<Description>Function Optimization</Description>		<Dimension>4</Dimension>		<Interval0>			<From0>-3.5</From0>			<To0>5.5</To0>		</Interval0>		<Interval1>			<From1>-6.5</From1>			<To1>5.5</To1>		</Interval1>		<Interval2>			<From2>-4.5</From2>			<To2>5.5</To2>		</Interval2>		<Interval3>			<From3>-4.5</From3>			<To3>5.5</To3>		</Interval3>		<Evaluate>			3300.5 - {x1+x2}^{2} - {x3+x4}^{2}		</Evaluate>	</Problem></EaProblemParameters></ProblemArgumentsXml><RequestId>VLADO1-D:\Inetpub\wwwroot\EaWebApplication-rudvvl45ltlzan45koco5g3w-BatchParameters/EaWeb02.xml-2-Parameters/EaWeb02.xml</RequestId><TimeInAlgorithm><Days>0</Days><Hours>0</Hours><Minutes>0</Minutes><Seconds>0</Seconds><Miliseconds>20</Miliseconds><Summary>00:00:00.0200288</Summary></TimeInAlgorithm><TimeInIteration><Days>0</Days><Hours>0</Hours><Minutes>0</Minutes><Seconds>0</Seconds><Miliseconds>10</Miliseconds><Summary>00:00:00.0100144</Summary></TimeInIteration></AfterAlgorithm></EaWebReport></BatchReport>