<?xml version="1.0"?>
<doc>
    <assembly>
        <name>MiscVladoLibrary</name>
    </assembly>
    <members>
        <member name="T:MiscVlado.CodesV">
            <summary>
            Summary description for CodesV.
            </summary>
        </member>
        <member name="M:MiscVlado.CodesV.#ctor">
            <summary>
            Summary description for CodesV().
            </summary>
        </member>
        <member name="M:MiscVlado.CodesV.GetCode(System.String)">
            <summary>
            Summary description for GetCode( string s ).
            </summary>
        </member>
        <member name="T:MiscVlado.CollectionsV">
            <summary>
            Summary description for CollectionsV.
            </summary>
        </member>
        <member name="M:MiscVlado.CollectionsV.#ctor">
            <summary>
            Summary description for CollectionsV().
            </summary>
        </member>
        <member name="M:MiscVlado.CollectionsV.AreEqual(System.Collections.ArrayList,System.Collections.ArrayList)">
            <summary>
            Summary description for AreEqual( ArrayList arg1,  ArrayList arg2 ).
            </summary>
        </member>
        <member name="M:MiscVlado.CollectionsV.FindFirstEqualTo(System.Collections.BitArray,System.Boolean)">
            <summary>
            Summary description for FindFirstEqualTo( BitArray ba, bool val ).
            </summary>
        </member>
        <member name="M:MiscVlado.CollectionsV.FindNthEqualTo(System.Collections.BitArray,System.Boolean,System.UInt32)">
            <summary>
            Summary description for FindNthEqualTo( BitArray ba, bool val, uint n ).
            </summary>
        </member>
        <member name="T:MiscVlado.ControlsV">
            <summary>
            Summary description for ControlsV.
            </summary>
        </member>
        <member name="M:MiscVlado.ControlsV.#ctor">
            <summary>
            Summary description for ControlsV().
            </summary>
        </member>
        <member name="M:MiscVlado.ControlsV.LoadItems(System.Web.UI.WebControls.ListControl,System.String)">
            <summary>
            Summary description for LoadItems( ListControl list, string elements ).
            </summary>
        </member>
        <member name="M:MiscVlado.ControlsV.SetSelectedIndex(System.Web.UI.WebControls.ListControl,System.String)">
            <summary>
            Summary description for SetSelectedIndex(  ListControl list, string selected ).
            </summary>
        </member>
        <member name="M:MiscVlado.ControlsV.SetSelectedIndexes(System.Web.UI.WebControls.ListControl,System.String)">
            <summary>
            Summary description for SetSelectedIndexes(  ListControl list, string selected ).
            </summary>
        </member>
        <member name="M:MiscVlado.ControlsV.GetSelected(System.Web.UI.WebControls.ListControl)">
            <summary>
            Summary description for GetSelected(  ListControl list ).
            </summary>
        </member>
        <member name="T:MiscVlado.MathsV">
            <summary>
            Summary description for BinomsV.
            </summary>
        </member>
        <member name="M:MiscVlado.MathsV.#ctor">
            <summary>
            Summary description for MathsV().
            </summary>
        </member>
        <member name="M:MiscVlado.MathsV.Factorial(System.UInt32)">
            <summary>
            Summary description for Factorial( uint n ).
            </summary>
        </member>
        <member name="M:MiscVlado.MathsV.Combinations(System.UInt32,System.UInt32)">
            <summary>
            Summary description for Combinations( uint n, uint k).
            </summary>
        </member>
        <member name="T:MiscVlado.Permutation">
            <summary>
            Summary description for Permutation.
            </summary>
        </member>
        <member name="M:MiscVlado.Permutation.#ctor">
            <summary>
            Summary description for Permutation().
            </summary>
        </member>
        <member name="T:MiscVlado.XmlsV">
            <summary>
            Summary description for XmlsV.
            </summary>
        </member>
        <member name="M:MiscVlado.XmlsV.#ctor">
            <summary>
            Summary description for XmlsV().
            </summary>
        </member>
        <member name="M:MiscVlado.XmlsV.XmlTextNodeByPath(System.String,System.Collections.ArrayList)">
            <summary>
            Summary description for XmlTextNodeByPath( string xml, ArrayList pathFind ).
            </summary>
        </member>
        <member name="M:MiscVlado.XmlsV.XmlSubtreeByPath(System.String,System.Collections.ArrayList)">
            <summary>
            Summary description for XmlSubtreeByPath( string xml, ArrayList pathFind ).
            </summary>
        </member>
        <member name="M:MiscVlado.XmlsV.InsertPrefixIntoNodes(System.String,System.String)">
            <summary>
            Summary description for InsertPrefixIntoNodes( string prefix, string xml ).
            </summary>
        </member>
        <member name="M:MiscVlado.XmlsV.ValidateXml(System.String,System.String,System.String)">
            <summary>
            Summary description for ValidateXml( string xml, string ns, string physical ).
            </summary>
        </member>
        <member name="M:MiscVlado.XmlsV.ValidationCallBack(System.Object,System.Xml.Schema.ValidationEventArgs)">
            <summary>
            Summary description for ValidationCallBack (object sender, ValidationEventArgs args).
            </summary>
        </member>
        <member name="M:MiscVlado.XmlsV.NodesCount(System.Xml.XmlDocument)">
            <summary>
            Summary description for NodesCount( XmlDocument doc ).
            </summary>
        </member>
        <member name="M:MiscVlado.XmlsV.NodesCount(System.Xml.XmlNode)">
            <summary>
            Summary description for NodesCount( XmlNode root ).
            </summary>
        </member>
        <member name="M:MiscVlado.XmlsV.SelectedPosition(System.Xml.XmlDocument,System.UInt32)">
            <summary>
            Summary description for SelectedPosition( XmlDocument doc, uint pos ).
            </summary>
        </member>
        <member name="M:MiscVlado.XmlsV.SelectedPosition(System.Xml.XmlNode,System.UInt32)">
            <summary>
            Summary description for SelectedPosition( XmlNode root, uint pos ).
            </summary>
        </member>
        <member name="M:MiscVlado.XmlsV.ParseDataSchema(System.Xml.XmlDataDocument,System.String)">
            <summary>
            Summary description for ParseDataSchema(XmlDataDocument xmlDataDoc, string schema).
            </summary>
        </member>
    </members>
</doc>
