<?xml version="1.0" encoding="utf-8"?><Batch xmlns="EaWebBatchParametersSchema.xsd"><Sequence><Id>2</Id><ParameterUrl>Parameters/EaWeb02.xml</ParameterUrl><Repeat>2</Repeat><ReportUrl>BatchReports/EaWeb02.xml</ReportUrl></Sequence><Sequence><Id>3</Id><ParameterUrl>Parameters/EaWeb01.xml</ParameterUrl><Repeat>2</Repeat><ReportUrl>BatchReports/EaWeb01.xml</ReportUrl></Sequence><Sequence><Id>0</Id><ParameterUrl>Parameters/EaWeb08.xml</ParameterUrl><Repeat>2</Repeat><ReportUrl>BatchReports/EaWeb08.xml</ReportUrl></Sequence></Batch>