﻿<?xml version="1.0" encoding="utf-8" ?>
<InitData>
	<Length1>
		3
	</Length1>
	<Length2>
		6
	</Length2>
	<LengthDistribution>
		Uniform
	</LengthDistribution>
	<Alphabet>
		<Dimension>
			9
		</Dimension>
		<Item>
			<Id>0</Id>
			<Letter>a</Letter>
			<Cardinality>0</Cardinality>
		</Item>
		<Item>
			<Id>1</Id>
			<Letter>b</Letter>
			<Cardinality>0</Cardinality>
		</Item>
		<Item>
			<Id>2</Id>
			<Letter>ChangeSign</Letter>
			<Cardinality>1</Cardinality>
		</Item>
		<Item>
			<Id>3</Id>
			<Letter>AbsoluteValue</Letter>
			<Cardinality>1</Cardinality>
		</Item>
		<Item>
			<Id>4</Id>
			<Letter>Square</Letter>
			<Cardinality>1</Cardinality>
		</Item>
		<Item>
			<Id>5</Id>
			<Letter>Plus</Letter>
			<Cardinality>2</Cardinality>
		</Item>
		<Item>
			<Id>6</Id>
			<Letter>Minus</Letter>
			<Cardinality>2</Cardinality>
		</Item>
		<Item>
			<Id>7</Id>
			<Letter>Multiply</Letter>
			<Cardinality>2</Cardinality>
		</Item>
		<Item>
			<Id>8</Id>
			<Letter>Divide</Letter>
			<Cardinality>2</Cardinality>
		</Item>
	</Alphabet>
</InitData>
